Date,Time,Battery,Turbidity,ADC,Pressure,ADC,Sound Velocity,NSV,Depth
2023-10-10,05:09:14.24,7.810000000,2.670000000,13453.000000000,0.114450000,838589.000000000,1474.583000000,3480.494385000,0.113490000
2023-10-10,05:09:14.49,7.810000000,2.440000000,13043.000000000,0.218220000,839987.000000000,1473.881000000,3482.286621000,0.216390000
2023-10-10,05:09:14.59,7.820000000,2.370000000,12918.000000000,0.321610000,841380.000000000,1473.591000000,3482.867920000,0.318920000
2023-10-10,05:09:14.74,7.810000000,2.380000000,12920.000000000,0.426940000,842799.000000000,1473.379000000,3483.358887000,0.423360000
2023-10-10,05:09:15.04,7.820000000,2.390000000,12945.000000000,0.534710000,844251.000000000,1473.126000000,3483.682617000,0.530230000
2023-10-10,05:09:15.34,7.820000000,2.530000000,13194.000000000,0.642410000,845702.000000000,1472.892000000,3484.282227000,0.637020000
2023-10-10,05:09:15.69,7.820000000,2.160000000,12533.000000000,0.755900000,847231.000000000,1472.904000000,3484.164551000,0.749560000
2023-10-10,05:09:16.44,7.820000000,1.830000000,11937.000000000,0.884390000,848962.000000000,1472.669000000,3484.643555000,0.876970000
2023-10-10,05:09:16.59,7.820000000,1.940000000,12132.000000000,1.012940000,850694.000000000,1472.651000000,3484.870605000,1.004440000
2023-10-10,05:09:16.74,7.820000000,2.060000000,12353.000000000,1.159460000,852668.000000000,1472.597000000,3484.983398000,1.149730000
2023-10-10,05:09:16.84,7.820000000,2.230000000,12659.000000000,1.293510000,854474.000000000,1472.542000000,3484.989258000,1.282660000
2023-10-10,05:09:16.94,7.820000000,2.370000000,12908.000000000,1.422150000,856207.000000000,1472.604000000,3484.468506000,1.410210000
2023-10-10,05:09:17.04,7.820000000,2.550000000,13236.000000000,1.543800000,857846.000000000,1473.019000000,3483.270508000,1.530850000
2023-10-10,05:09:17.14,7.820000000,2.580000000,13297.000000000,1.716890000,860178.000000000,1473.263000000,3483.031006000,1.702490000
2023-10-10,05:09:17.29,7.820000000,2.880000000,13835.000000000,1.868610000,862222.000000000,1473.456000000,3482.762207000,1.852930000
2023-10-10,05:09:17.59,7.820000000,2.220000000,12640.000000000,1.988710000,863840.000000000,1473.564000000,3482.548096000,1.972020000
2023-10-10,05:09:18.04,7.820000000,1.950000000,12148.000000000,2.098710000,865322.000000000,1473.634000000,3482.432861000,2.081100000
2023-10-10,05:09:18.19,7.820000000,2.200000000,12611.000000000,2.223930000,867009.000000000,1473.632000000,3482.432861000,2.205260000
2023-10-10,05:09:18.34,7.820000000,2.330000000,12837.000000000,2.385000000,869179.000000000,1473.606000000,3482.654785000,2.364980000
2023-10-10,05:09:18.49,7.820000000,2.290000000,12768.000000000,2.525510000,871072.000000000,1473.094000000,3484.293213000,2.504310000
2023-10-10,05:09:18.64,7.820000000,2.020000000,12286.000000000,2.674780000,873083.000000000,1472.812000000,3484.382324000,2.652320000
2023-10-10,05:09:18.74,7.820000000,1.990000000,12230.000000000,2.820850000,875051.000000000,1472.800000000,3484.573975000,2.797170000
2023-10-10,05:09:18.89,7.820000000,1.770000000,11834.000000000,2.956690000,876881.000000000,1472.501000000,3485.250244000,2.931860000
2023-10-10,05:09:18.94,7.820000000,1.730000000,11753.000000000,3.077670000,878511.000000000,1472.466000000,3485.288818000,3.051840000
2023-10-10,05:09:19.09,7.820000000,1.670000000,11640.000000000,3.198810000,880143.000000000,1472.405000000,3485.396729000,3.171960000
2023-10-10,05:09:19.24,7.820000000,1.680000000,11662.000000000,3.316390000,881727.000000000,1472.367000000,3485.478027000,3.288540000
2023-10-10,05:09:19.99,7.820000000,1.510000000,11355.000000000,3.421790000,883147.000000000,1472.359000000,3485.436768000,3.393060000
2023-10-10,05:09:20.14,7.820000000,1.540000000,11416.000000000,3.556660000,884964.000000000,1472.375000000,3485.386719000,3.526790000
2023-10-10,05:09:20.29,7.820000000,1.570000000,11458.000000000,3.657530000,886323.000000000,1472.347000000,3485.531250000,3.626820000
2023-10-10,05:09:20.39,7.820000000,1.590000000,11509.000000000,3.785870000,888052.000000000,1472.286000000,3485.836914000,3.754080000
2023-10-10,05:09:20.49,7.820000000,1.530000000,11400.000000000,3.907230000,889687.000000000,1472.151000000,3486.036621000,3.874420000
2023-10-10,05:09:20.64,7.820000000,1.500000000,11331.000000000,4.062660000,891781.000000000,1472.076000000,3486.167236000,4.028540000
2023-10-10,05:09:20.74,7.820000000,1.460000000,11265.000000000,4.174740000,893291.000000000,1472.052000000,3486.212891000,4.139680000
2023-10-10,05:09:20.89,7.820000000,1.410000000,11182.000000000,4.285860000,894788.000000000,1472.019000000,3486.328613000,4.249870000
2023-10-10,05:09:21.04,7.820000000,1.600000000,11523.000000000,4.406850000,896418.000000000,1471.965000000,3486.504395000,4.369840000
2023-10-10,05:09:21.24,7.830000000,1.330000000,11034.000000000,4.513290000,897852.000000000,1471.866000000,3486.804199000,4.475390000
2023-10-10,05:09:21.54,7.830000000,1.180000000,10751.000000000,4.627230000,899387.000000000,1471.716000000,3486.999756000,4.588370000
2023-10-10,05:09:21.74,7.830000000,1.250000000,10879.000000000,4.746740000,900997.000000000,1471.704000000,3487.062500000,4.706870000
2023-10-10,05:09:21.89,7.830000000,1.240000000,10860.000000000,4.847020000,902348.000000000,1471.656000000,3487.162598000,4.806300000
2023-10-10,05:09:22.04,7.830000000,1.200000000,10789.000000000,4.960730000,903880.000000000,1471.624000000,3487.268555000,4.919060000
2023-10-10,05:09:22.14,7.830000000,1.190000000,10786.000000000,5.062050000,905245.000000000,1471.595000000,3487.293457000,5.019530000
2023-10-10,05:09:22.24,7.830000000,1.180000000,10766.000000000,5.166340000,906650.000000000,1471.571000000,3487.337158000,5.122940000
2023-10-10,05:09:22.39,7.830000000,1.260000000,10900.000000000,5.326670000,908810.000000000,1471.565000000,3487.320801000,5.281930000
2023-10-10,05:09:22.49,7.830000000,1.210000000,10822.000000000,5.458060000,910580.000000000,1471.562000000,3487.355469000,5.412200000
2023-10-10,05:09:22.64,7.830000000,1.150000000,10700.000000000,5.593450000,912404.000000000,1471.536000000,3487.464844000,5.546460000
2023-10-10,05:09:22.89,7.830000000,1.050000000,10523.000000000,5.734110000,914299.000000000,1471.433000000,3487.704590000,5.685930000
2023-10-10,05:09:23.29,7.830000000,0.970000000,10373.000000000,5.877810000,916235.000000000,1471.315000000,3487.954590000,5.828430000
2023-10-10,05:09:23.74,7.820000000,0.800000000,10074.000000000,5.993160000,917789.000000000,1471.245000000,3488.074219000,5.942810000
2023-10-10,05:09:23.94,7.830000000,0.800000000,10075.000000000,6.097230000,919191.000000000,1471.277000000,3488.005127000,6.046000000
2023-10-10,05:09:24.09,7.830000000,0.810000000,10092.000000000,6.201820000,920600.000000000,1471.239000000,3488.174316000,6.149710000
2023-10-10,05:09:24.24,7.830000000,0.770000000,10023.000000000,6.305740000,922000.000000000,1471.207000000,3488.229492000,6.252750000
2023-10-10,05:09:24.34,7.830000000,0.840000000,10144.000000000,6.460280000,924082.000000000,1471.178000000,3488.308594000,6.405990000
2023-10-10,05:09:24.49,7.830000000,0.850000000,10156.000000000,6.633010000,926409.000000000,1471.151000000,3488.353760000,6.577270000
2023-10-10,05:09:24.64,7.820000000,0.720000000,9931.000000000,6.739010000,927837.000000000,1471.135000000,3488.361084000,6.682370000
2023-10-10,05:09:25.94,7.830000000,0.390000000,9325.000000000,6.878410000,929715.000000000,1471.068000000,3488.477295000,6.820600000
2023-10-10,05:09:26.14,7.830000000,0.340000000,9240.000000000,6.996880000,931311.000000000,1471.118000000,3488.228271000,6.938070000
2023-10-10,05:09:26.29,7.830000000,0.340000000,9234.000000000,7.131600000,933126.000000000,1471.231000000,3488.011475000,7.071660000
2023-10-10,05:09:26.44,7.830000000,0.420000000,9388.000000000,7.302110000,935423.000000000,1471.290000000,3487.952393000,7.240730000
2023-10-10,05:09:27.19,7.830000000,0.290000000,9148.000000000,7.178670000,933760.000000000,1471.340000000,3487.856445000,7.118330000
2023-10-10,05:09:28.14,7.830000000,0.260000000,9102.000000000,7.282140000,935154.000000000,1471.301000000,3487.971680000,7.220930000
2023-10-10,05:09:28.34,7.830000000,0.370000000,9302.000000000,7.386130000,936555.000000000,1471.307000000,3487.946533000,7.324050000
2023-10-10,05:09:28.74,7.830000000,0.290000000,9150.000000000,7.270410000,934996.000000000,1471.367000000,3487.783691000,7.209300000
2023-10-10,05:09:28.94,7.810000000,0.300000000,9162.000000000,7.163740000,933559.000000000,1471.358000000,3487.842285000,7.103530000
2023-10-10,05:09:29.24,7.830000000,0.250000000,9083.000000000,7.059680000,932157.000000000,1471.327000000,3487.886475000,7.000340000
2023-10-10,05:09:29.74,7.830000000,0.410000000,9360.000000000,7.186230000,933862.000000000,1471.317000000,3487.923584000,7.125830000
2023-10-10,05:09:29.99,7.830000000,0.260000000,9105.000000000,7.294540000,935321.000000000,1471.323000000,3487.899170000,7.233220000
2023-10-10,05:09:30.19,7.830000000,0.250000000,9080.000000000,7.415160000,936946.000000000,1471.323000000,3487.905762000,7.352830000
2023-10-10,05:09:30.34,7.830000000,0.290000000,9145.000000000,7.553220000,938806.000000000,1471.329000000,3487.887207000,7.489730000
2023-10-10,05:09:30.59,7.830000000,0.270000000,9116.000000000,7.673330000,940424.000000000,1471.337000000,3487.821777000,7.608820000
2023-10-10,05:09:31.50,7.830000000,0.190000000,8969.000000000,7.571850000,939057.000000000,1471.349000000,3487.865234000,7.508200000
2023-10-10,05:09:31.95,7.830000000,0.210000000,9008.000000000,7.454420000,937475.000000000,1471.340000000,3487.889160000,7.391760000
2023-10-10,05:09:32.30,7.830000000,0.260000000,9097.000000000,7.554630000,938825.000000000,1471.328000000,3487.878174000,7.491130000
2023-10-10,05:09:32.55,7.830000000,0.330000000,9229.000000000,7.718230000,941029.000000000,1471.335000000,3487.873291000,7.653350000
2023-10-10,05:09:32.70,7.830000000,0.410000000,9377.000000000,7.818820000,942384.000000000,1471.340000000,3487.839844000,7.753090000
2023-10-10,05:09:32.85,7.840000000,0.370000000,9298.000000000,7.942550000,944051.000000000,1471.369000000,3487.745605000,7.875780000
2023-10-10,05:09:34.35,7.830000000,0.160000000,8908.000000000,7.837670000,942638.000000000,1471.397000000,3487.719727000,7.771780000
2023-10-10,05:09:36.20,7.830000000,0.230000000,9039.000000000,7.942480000,944050.000000000,1471.357000000,3487.818604000,7.875710000
2023-10-10,05:09:36.55,7.830000000,0.260000000,9093.000000000,8.046920000,945457.000000000,1471.392000000,3487.720459000,7.979270000
2023-10-10,05:09:36.90,7.830000000,0.240000000,9063.000000000,8.156340000,946931.000000000,1471.400000000,3487.726074000,8.087760000
2023-10-10,05:09:37.25,7.830000000,0.170000000,8933.000000000,8.261890000,948353.000000000,1471.410000000,3487.708252000,8.192430000
2023-10-10,05:09:37.45,7.830000000,0.170000000,8930.000000000,8.381920000,949970.000000000,1471.418000000,3487.680176000,8.311440000
2023-10-10,05:09:37.65,7.830000000,0.270000000,9110.000000000,8.483610000,951340.000000000,1471.429000000,3487.635010000,8.412280000
2023-10-10,05:09:38.45,7.830000000,0.240000000,9069.000000000,8.309920000,949000.000000000,1471.453000000,3487.618896000,8.240050000
2023-10-10,05:09:38.65,7.830000000,0.170000000,8941.000000000,8.190330000,947389.000000000,1471.415000000,3487.714355000,8.121470000
2023-10-10,05:09:40.75,7.830000000,0.190000000,8977.000000000,8.291430000,948751.000000000,1471.364000000,3487.802979000,8.221720000
2023-10-10,05:09:40.90,7.830000000,0.220000000,9030.000000000,8.392980000,950119.000000000,1471.371000000,3487.787598000,8.322410000
2023-10-10,05:09:41.05,7.830000000,0.240000000,9054.000000000,8.517020000,951790.000000000,1471.372000000,3487.780518000,8.445400000
2023-10-10,05:09:41.20,7.830000000,0.320000000,9202.000000000,8.624350000,953236.000000000,1471.394000000,3487.719727000,8.551830000
2023-10-10,05:09:41.30,7.830000000,0.260000000,9096.000000000,8.730130000,954661.000000000,1471.414000000,3487.661621000,8.656720000
2023-10-10,05:09:41.45,7.830000000,0.610000000,9738.000000000,8.851640000,956298.000000000,1471.436000000,3487.597412000,8.777210000
2023-10-10,05:09:41.70,7.830000000,0.460000000,9467.000000000,8.978350000,958005.000000000,1471.508000000,3487.436523000,8.902850000
2023-10-10,05:09:42.35,7.830000000,0.180000000,8958.000000000,8.850080000,956277.000000000,1471.510000000,3487.488525000,8.775660000
2023-10-10,05:09:42.65,7.830000000,0.140000000,8883.000000000,8.735320000,954731.000000000,1471.459000000,3487.606934000,8.661870000
2023-10-10,05:09:43.70,7.830000000,0.250000000,9082.000000000,8.850600000,956284.000000000,1471.435000000,3487.642334000,8.776180000
2023-10-10,05:09:43.90,7.830000000,0.360000000,9286.000000000,8.957570000,957725.000000000,1471.445000000,3487.596191000,8.882240000
2023-10-10,05:09:44.35,7.830000000,0.250000000,9084.000000000,9.079230000,959364.000000000,1471.494000000,3487.512695000,9.002880000
2023-10-10,05:09:44.65,7.830000000,0.270000000,9116.000000000,8.927650000,957322.000000000,1471.482000000,3487.532471000,8.852580000
2023-10-10,05:09:45.25,7.830000000,0.260000000,9090.000000000,9.033950000,958754.000000000,1471.456000000,3487.588379000,8.957980000
2023-10-10,05:09:45.40,7.830000000,0.240000000,9069.000000000,9.159920000,960451.000000000,1471.483000000,3487.485107000,9.082890000
2023-10-10,05:09:45.60,7.830000000,0.520000000,9570.000000000,9.297250000,962301.000000000,1471.516000000,3487.424072000,9.219050000
2023-10-10,05:09:45.80,7.830000000,0.410000000,9369.000000000,9.410590000,963828.000000000,1471.566000000,3487.243164000,9.331450000
2023-10-10,05:09:45.90,7.830000000,0.280000000,9140.000000000,9.514660000,965230.000000000,1471.620000000,3487.150879000,9.434640000
2023-10-10,05:09:46.05,7.830000000,0.180000000,8952.000000000,9.630540000,966791.000000000,1471.658000000,3487.105469000,9.549540000
2023-10-10,05:09:46.20,7.830000000,0.220000000,9021.000000000,9.766970000,968629.000000000,1471.619000000,3487.312500000,9.684820000
2023-10-10,05:09:46.40,7.830000000,0.280000000,9132.000000000,9.873120000,970059.000000000,1471.500000000,3487.502441000,9.790070000
2023-10-10,05:09:46.55,7.830000000,0.220000000,9019.000000000,9.980680000,971508.000000000,1471.480000000,3487.537598000,9.896730000
2023-10-10,05:09:46.70,7.830000000,0.210000000,9010.000000000,10.112520000,973284.000000000,1471.541000000,3487.257080000,10.027450000
2023-10-10,05:09:46.80,7.830000000,0.200000000,8985.000000000,10.215470000,974671.000000000,1471.616000000,3487.141846000,10.129540000
2023-10-10,05:09:47.00,7.830000000,0.390000000,9338.000000000,10.373290000,976797.000000000,1471.743000000,3486.814453000,10.286020000
2023-10-10,05:09:47.15,7.830000000,0.330000000,9223.000000000,10.513730000,978689.000000000,1471.851000000,3486.466309000,10.425280000
2023-10-10,05:09:47.25,7.830000000,0.330000000,9227.000000000,10.650170000,980527.000000000,1471.975000000,3486.206299000,10.560570000
2023-10-10,05:09:47.45,7.830000000,1.110000000,10630.000000000,10.796110000,982493.000000000,1472.102000000,3485.993896000,10.705270000
2023-10-10,05:09:47.60,7.830000000,0.850000000,10169.000000000,10.896170000,983841.000000000,1472.133000000,3485.967285000,10.804490000
2023-10-10,05:09:47.80,7.830000000,0.290000000,9152.000000000,11.001060000,985254.000000000,1472.151000000,3485.938232000,10.908490000
2023-10-10,05:09:48.20,7.830000000,0.250000000,9082.000000000,11.140990000,987139.000000000,1472.149000000,3485.941895000,11.047240000
2023-10-10,05:09:48.40,7.830000000,0.210000000,9015.000000000,11.284550000,989073.000000000,1472.073000000,3486.273193000,11.189590000
2023-10-10,05:09:48.55,7.840000000,0.400000000,9355.000000000,11.385800000,990437.000000000,1471.933000000,3486.667969000,11.289990000
2023-10-10,05:09:48.65,7.830000000,0.320000000,9205.000000000,11.518080000,992219.000000000,1471.854000000,3486.723633000,11.421150000
2023-10-10,05:09:48.85,7.830000000,0.080000000,8774.000000000,11.636700000,993817.000000000,1471.831000000,3486.695068000,11.538770000
2023-10-10,05:09:49.00,7.830000000,0.300000000,9172.000000000,11.743080000,995250.000000000,1471.834000000,3486.680908000,11.644250000
2023-10-10,05:09:49.55,7.830000000,0.000000000,8485.000000000,11.866750000,996916.000000000,1471.852000000,3486.648438000,11.766870000
2023-10-10,05:09:49.75,7.830000000,0.020000000,8662.000000000,12.031240000,999132.000000000,1471.840000000,3486.694336000,11.929980000
2023-10-10,05:09:49.90,7.830000000,0.000000000,8574.000000000,12.158110000,1000841.000000000,1471.831000000,3486.736084000,12.055770000
2023-10-10,05:09:50.00,7.820000000,0.110000000,8819.000000000,12.258620000,1002195.000000000,1471.794000000,3486.844482000,12.155430000
2023-10-10,05:09:50.20,7.830000000,0.100000000,8803.000000000,12.385780000,1003908.000000000,1471.693000000,3487.098633000,12.281520000
2023-10-10,05:09:50.35,7.830000000,0.000000000,8554.000000000,12.502320000,1005478.000000000,1471.650000000,3487.183838000,12.397080000
2023-10-10,05:09:50.55,7.830000000,0.000000000,8427.000000000,12.604910000,1006860.000000000,1471.584000000,3487.326172000,12.498800000
2023-10-10,05:09:50.70,7.830000000,0.000000000,8479.000000000,12.741420000,1008699.000000000,1471.543000000,3487.404053000,12.634160000
2023-10-10,05:09:50.90,7.830000000,0.000000000,8459.000000000,12.866130000,1010379.000000000,1471.490000000,3487.567383000,12.757820000
2023-10-10,05:09:51.05,7.830000000,0.000000000,8406.000000000,12.998040000,1012156.000000000,1471.457000000,3487.642334000,12.888610000
2023-10-10,05:09:51.19,7.830000000,0.000000000,8613.000000000,13.155340000,1014275.000000000,1471.420000000,3487.686768000,13.044580000
2023-10-10,05:09:51.39,7.830000000,0.010000000,8648.000000000,13.286810000,1016046.000000000,1471.355000000,3487.908203000,13.174940000
2023-10-10,05:09:51.60,7.830000000,0.000000000,8375.000000000,13.421690000,1017863.000000000,1471.320000000,3487.937012000,13.308680000
2023-10-10,05:09:51.74,7.830000000,0.000000000,8329.000000000,13.528880000,1019307.000000000,1471.283000000,3488.041504000,13.414960000
2023-10-10,05:09:51.89,7.830000000,0.000000000,8420.000000000,13.642010000,1020831.000000000,1471.220000000,3488.194336000,13.527140000
2023-10-10,05:09:51.99,7.830000000,0.000000000,8288.000000000,13.762790000,1022458.000000000,1471.131000000,3488.609375000,13.646900000
2023-10-10,05:09:52.14,7.830000000,0.000000000,8412.000000000,13.863820000,1023819.000000000,1470.997000000,3488.792969000,13.747070000
2023-10-10,05:09:52.19,7.830000000,0.000000000,8446.000000000,13.971160000,1025265.000000000,1470.955000000,3488.989014000,13.853510000
2023-10-10,05:09:52.34,7.830000000,0.230000000,9045.000000000,14.101960000,1027027.000000000,1470.814000000,3489.214600000,13.983200000
2023-10-10,05:09:52.54,7.830000000,0.050000000,8709.000000000,14.246050000,1028968.000000000,1470.712000000,3489.449707000,14.126070000
2023-10-10,05:09:52.79,7.830000000,0.000000000,8497.000000000,14.380930000,1030785.000000000,1470.616000000,3489.595947000,14.259810000
2023-10-10,05:09:53.19,7.830000000,0.000000000,8102.000000000,14.518780000,1032642.000000000,1470.544000000,3489.733398000,14.396490000
2023-10-10,05:09:53.39,7.830000000,0.000000000,8213.000000000,14.645130000,1034344.000000000,1470.541000000,3489.881348000,14.521770000
2023-10-10,05:09:53.59,7.830000000,0.000000000,8165.000000000,14.791070000,1036310.000000000,1470.420000000,3490.112549000,14.666480000
2023-10-10,05:09:53.74,7.830000000,0.000000000,8118.000000000,14.917190000,1038009.000000000,1470.387000000,3490.216309000,14.791530000
2023-10-10,05:09:53.94,7.830000000,0.000000000,8212.000000000,15.047920000,1039770.000000000,1470.199000000,3490.859131000,14.921150000
2023-10-10,05:09:54.09,7.830000000,0.000000000,8154.000000000,15.149690000,1041141.000000000,1470.031000000,3490.995117000,15.022070000
2023-10-10,05:09:54.29,7.830000000,0.000000000,8105.000000000,15.259860000,1042625.000000000,1469.982000000,3491.124512000,15.131300000
2023-10-10,05:09:54.49,7.830000000,0.000000000,7996.000000000,15.362670000,1044010.000000000,1469.974000000,3491.112793000,15.233240000
2023-10-10,05:09:54.69,7.830000000,0.000000000,8099.000000000,15.476250000,1045540.000000000,1469.979000000,3491.097656000,15.345860000
2023-10-10,05:09:54.79,7.830000000,0.000000000,8112.000000000,15.586260000,1047022.000000000,1469.979000000,3491.112549000,15.454950000
2023-10-10,05:09:54.94,7.830000000,0.000000000,8137.000000000,15.708900000,1048674.000000000,1469.947000000,3491.226074000,15.576540000
2023-10-10,05:09:55.14,7.830000000,0.000000000,7966.000000000,15.813940000,1050089.000000000,1469.877000000,3491.417725000,15.680700000
2023-10-10,05:09:55.34,7.830000000,0.000000000,8068.000000000,15.928340000,1051630.000000000,1469.814000000,3491.528320000,15.794120000
2023-10-10,05:09:55.69,7.830000000,0.000000000,7917.000000000,16.055800000,1053347.000000000,1469.958000000,3491.090088000,15.920500000
2023-10-10,05:09:55.99,7.830000000,0.000000000,8088.000000000,16.212510000,1055458.000000000,1469.857000000,3491.542236000,16.075890000
2023-10-10,05:09:56.19,7.830000000,1.000000000,10428.000000000,16.344870000,1057241.000000000,1469.701000000,3491.759766000,16.207120000
2023-10-10,05:09:56.39,7.830000000,0.080000000,8778.000000000,16.504320000,1059389.000000000,1469.463000000,3492.747803000,16.365230000
2023-10-10,05:09:56.54,7.830000000,0.280000000,9130.000000000,16.622430000,1060980.000000000,1469.148000000,3493.583252000,16.482340000
2023-10-10,05:09:56.74,7.830000000,0.000000000,8368.000000000,16.737420000,1062529.000000000,1468.633000000,3494.624756000,16.596360000
2023-10-10,05:09:57.34,7.830000000,0.000000000,8273.000000000,16.847660000,1064014.000000000,1468.039000000,3495.771729000,16.705660000
2023-10-10,05:09:57.54,7.830000000,0.000000000,8284.000000000,17.037550000,1066572.000000000,1467.913000000,3495.995117000,16.893950000
2023-10-10,05:09:57.74,7.830000000,0.000000000,8005.000000000,17.176820000,1068448.000000000,1467.894000000,3496.095215000,17.032030000
2023-10-10,05:09:57.94,7.830000000,0.000000000,8040.000000000,17.320610000,1070385.000000000,1467.864000000,3496.097168000,17.174610000
2023-10-10,05:09:58.14,7.830000000,0.000000000,8032.000000000,17.455350000,1072200.000000000,1467.887000000,3496.102051000,17.308210000
2023-10-10,05:09:58.34,7.830000000,0.000000000,8075.000000000,17.586750000,1073970.000000000,1467.824000000,3496.266113000,17.438490000
2023-10-10,05:09:58.59,7.830000000,0.000000000,8088.000000000,17.727420000,1075865.000000000,1467.780000000,3496.337158000,17.577970000
2023-10-10,05:09:58.74,7.830000000,0.000000000,8075.000000000,17.838930000,1077367.000000000,1467.785000000,3496.310547000,17.688530000
2023-10-10,05:09:58.84,7.830000000,0.000000000,8083.000000000,17.939140000,1078717.000000000,1467.792000000,3496.302490000,17.787900000
2023-10-10,05:09:58.99,7.830000000,0.000000000,7977.000000000,18.045380000,1080148.000000000,1467.792000000,3496.315918000,17.893230000
2023-10-10,05:09:59.19,7.830000000,0.000000000,8059.000000000,18.183680000,1082011.000000000,1467.787000000,3496.300049000,18.030360000
2023-10-10,05:09:59.39,7.830000000,0.000000000,7979.000000000,18.312700000,1083749.000000000,1467.793000000,3496.288330000,18.158290000
2023-10-10,05:09:59.79,7.830000000,0.000000000,8214.000000000,18.413220000,1085103.000000000,1467.786000000,3496.329590000,18.257950000
2023-10-10,05:09:59.94,7.830000000,0.000000000,8039.000000000,18.535180000,1086746.000000000,1467.779000000,3496.344482000,18.378890000
2023-10-10,05:10:00.14,7.830000000,0.000000000,8244.000000000,18.640230000,1088161.000000000,1467.765000000,3496.399414000,18.483040000
2023-10-10,05:10:00.29,7.830000000,0.000000000,8049.000000000,18.769990000,1089909.000000000,1467.744000000,3496.427734000,18.611710000
2023-10-10,05:10:00.49,7.830000000,0.000000000,8216.000000000,18.922260000,1091960.000000000,1467.742000000,3496.410156000,18.762680000
2023-10-10,05:10:00.74,7.830000000,0.000000000,7831.000000000,19.054100000,1093736.000000000,1467.755000000,3496.392578000,18.893400000
2023-10-10,05:10:01.09,7.830000000,0.000000000,7923.000000000,19.163670000,1095212.000000000,1467.753000000,3496.406738000,19.002050000
2023-10-10,05:10:01.39,7.830000000,0.000000000,7647.000000000,19.285120000,1096848.000000000,1467.755000000,3496.403320000,19.122470000
2023-10-10,05:10:01.59,7.830000000,0.000000000,7957.000000000,19.425500000,1098739.000000000,1467.751000000,3496.418457000,19.261660000
2023-10-10,05:10:01.74,7.830000000,0.000000000,7963.000000000,19.532780000,1100184.000000000,1467.742000000,3496.441650000,19.368020000
2023-10-10,05:10:01.94,7.830000000,0.000000000,7999.000000000,19.684970000,1102234.000000000,1467.745000000,3496.409912000,19.518920000
2023-10-10,05:10:02.19,7.840000000,0.000000000,8260.000000000,19.792240000,1103679.000000000,1467.742000000,3496.433105000,19.625280000
2023-10-10,05:10:02.74,7.830000000,0.000000000,8043.000000000,19.903440000,1105177.000000000,1467.689000000,3496.544678000,19.735540000
2023-10-10,05:10:02.94,7.830000000,0.000000000,7786.000000000,20.010120000,1106614.000000000,1467.676000000,3496.583008000,19.841320000
2023-10-10,05:10:03.14,7.830000000,0.000000000,7920.000000000,20.149240000,1108488.000000000,1467.665000000,3496.614746000,19.979260000
2023-10-10,05:10:03.34,7.830000000,0.000000000,7864.000000000,20.282720000,1110286.000000000,1467.673000000,3496.580322000,20.111610000
2023-10-10,05:10:03.54,7.830000000,0.000000000,7917.000000000,20.395190000,1111801.000000000,1467.678000000,3496.578369000,20.223120000
2023-10-10,05:10:03.74,7.830000000,0.000000000,8175.000000000,20.506250000,1113297.000000000,1467.678000000,3496.575195000,20.333240000
2023-10-10,05:10:04.24,7.830000000,0.000000000,8260.000000000,20.607660000,1114663.000000000,1467.679000000,3496.592285000,20.433790000
2023-10-10,05:10:04.54,7.830000000,0.000000000,8013.000000000,20.765120000,1116784.000000000,1467.674000000,3496.580078000,20.589910000
2023-10-10,05:10:04.74,7.830000000,0.000000000,7838.000000000,20.889540000,1118460.000000000,1467.690000000,3496.552734000,20.713280000
2023-10-10,05:10:04.89,7.830000000,0.000000000,8072.000000000,21.012110000,1120111.000000000,1467.683000000,3496.555908000,20.834800000
2023-10-10,05:10:05.09,7.830000000,0.000000000,8055.000000000,21.135350000,1121771.000000000,1467.689000000,3496.558838000,20.956990000
2023-10-10,05:10:05.34,7.830000000,0.000000000,7922.000000000,21.253530000,1123363.000000000,1467.686000000,3496.548584000,21.074180000
2023-10-10,05:10:05.64,7.830000000,0.000000000,7754.000000000,21.361330000,1124815.000000000,1467.681000000,3496.561279000,21.181050000
2023-10-10,05:10:05.84,7.830000000,0.000000000,7793.000000000,21.473580000,1126327.000000000,1467.683000000,3496.569824000,21.292350000
2023-10-10,05:10:06.09,7.830000000,0.000000000,7797.000000000,21.586570000,1127849.000000000,1467.688000000,3496.556152000,21.404380000
2023-10-10,05:10:06.19,7.830000000,0.000000000,7786.000000000,21.692730000,1129279.000000000,1467.686000000,3496.558594000,21.509640000
2023-10-10,05:10:06.34,7.830000000,0.000000000,7801.000000000,21.819600000,1130988.000000000,1467.688000000,3496.554688000,21.635440000
2023-10-10,05:10:06.54,7.830000000,0.000000000,8441.000000000,21.950930000,1132757.000000000,1467.698000000,3496.524658000,21.765650000
2023-10-10,05:10:06.74,7.830000000,0.000000000,8355.000000000,22.080770000,1134506.000000000,1467.703000000,3496.519043000,21.894390000
2023-10-10,05:10:06.99,7.830000000,0.090000000,8790.000000000,22.190720000,1135987.000000000,1467.697000000,3496.534912000,22.003400000
2023-10-10,05:10:07.14,7.830000000,0.280000000,9141.000000000,22.303270000,1137503.000000000,1467.684000000,3496.580322000,22.115000000
2023-10-10,05:10:07.29,7.830000000,0.040000000,8703.000000000,22.415810000,1139019.000000000,1467.680000000,3496.570801000,22.226590000
2023-10-10,05:10:07.59,7.830000000,0.000000000,7922.000000000,22.534450000,1140617.000000000,1467.682000000,3496.562012000,22.344210000
2023-10-10,05:10:07.79,7.830000000,0.170000000,8937.000000000,22.709060000,1142969.000000000,1467.685000000,3496.553467000,22.517340000
2023-10-10,05:10:08.04,7.830000000,0.000000000,8247.000000000,22.846550000,1144821.000000000,1467.686000000,3496.556152000,22.653660000
2023-10-10,05:10:08.19,7.830000000,0.000000000,8167.000000000,22.959390000,1146341.000000000,1467.686000000,3496.567627000,22.765550000
2023-10-10,05:10:08.39,7.830000000,0.000000000,7981.000000000,23.083370000,1148011.000000000,1467.688000000,3496.543457000,22.888470000
2023-10-10,05:10:08.54,7.840000000,0.000000000,8101.000000000,23.203720000,1149632.000000000,1467.690000000,3496.559326000,23.007790000
2023-10-10,05:10:08.69,7.830000000,0.000000000,8063.000000000,23.316710000,1151154.000000000,1467.688000000,3496.564209000,23.119820000
2023-10-10,05:10:08.89,7.830000000,0.000000000,8110.000000000,23.453530000,1152997.000000000,1467.686000000,3496.550537000,23.255490000
2023-10-10,05:10:09.09,7.830000000,0.000000000,8081.000000000,23.594370000,1154894.000000000,1467.688000000,3496.549805000,23.395120000
2023-10-10,05:10:09.54,7.830000000,0.000000000,8247.000000000,23.723770000,1156637.000000000,1467.690000000,3496.548828000,23.523420000
2023-10-10,05:10:09.89,7.830000000,0.000000000,8272.000000000,23.830890000,1158080.000000000,1467.686000000,3496.561279000,23.629640000
2023-10-10,05:10:10.09,7.830000000,0.000000000,8011.000000000,23.948120000,1159659.000000000,1467.688000000,3496.542969000,23.745870000
2023-10-10,05:10:10.29,7.830000000,0.000000000,8013.000000000,24.079900000,1161434.000000000,1467.690000000,3496.554199000,23.876520000
2023-10-10,05:10:10.49,7.830000000,0.000000000,8339.000000000,24.218500000,1163301.000000000,1467.686000000,3496.572021000,24.013950000
2023-10-10,05:10:10.69,7.830000000,0.000000000,8389.000000000,24.356150000,1165155.000000000,1467.685000000,3496.552734000,24.150420000
2023-10-10,05:10:10.89,7.830000000,0.540000000,9598.000000000,24.463720000,1166604.000000000,1467.685000000,3496.568359000,24.257080000
2023-10-10,05:10:11.09,7.830000000,0.650000000,9801.000000000,24.581240000,1168187.000000000,1467.689000000,3496.546875000,24.373610000
2023-10-10,05:10:11.24,7.830000000,0.170000000,8933.000000000,24.703150000,1169829.000000000,1467.692000000,3496.549072000,24.494470000
2023-10-10,05:10:11.39,7.830000000,0.000000000,8183.000000000,24.834180000,1171594.000000000,1467.691000000,3496.543213000,24.624390000
2023-10-10,05:10:11.64,7.830000000,0.000000000,8537.000000000,24.997660000,1173796.000000000,1467.695000000,3496.541260000,24.786480000
2023-10-10,05:10:12.74,7.830000000,0.000000000,8009.000000000,25.120450000,1175450.000000000,1467.696000000,3496.539795000,24.908230000
2023-10-10,05:10:12.99,7.830000000,0.000000000,8187.000000000,25.242660000,1177096.000000000,1467.699000000,3496.534180000,25.029390000
2023-10-10,05:10:13.19,7.830000000,0.160000000,8919.000000000,25.371020000,1178825.000000000,1467.703000000,3496.512939000,25.156660000
2023-10-10,05:10:13.34,7.830000000,0.080000000,8775.000000000,25.496490000,1180515.000000000,1467.703000000,3496.518311000,25.281060000
2023-10-10,05:10:13.54,7.830000000,0.000000000,8170.000000000,25.620470000,1182185.000000000,1467.704000000,3496.509033000,25.403990000
2023-10-10,05:10:13.74,7.830000000,0.000000000,8245.000000000,25.760120000,1184066.000000000,1467.709000000,3496.488770000,25.542450000
2023-10-10,05:10:13.89,7.820000000,0.000000000,8037.000000000,25.882620000,1185716.000000000,1467.712000000,3496.495117000,25.663910000
2023-10-10,05:10:14.14,7.830000000,0.400000000,9350.000000000,26.003850000,1187349.000000000,1467.715000000,3496.485107000,25.784110000
2023-10-10,05:10:14.39,7.830000000,0.000000000,8491.000000000,26.105120000,1188713.000000000,1467.724000000,3496.466064000,25.884520000
2023-10-10,05:10:14.69,7.830000000,0.000000000,8321.000000000,26.220270000,1190264.000000000,1467.725000000,3496.457275000,25.998680000
2023-10-10,05:10:15.14,7.830000000,0.000000000,8367.000000000,26.343880000,1191929.000000000,1467.728000000,3496.454346000,26.121240000
2023-10-10,05:10:15.39,7.830000000,0.000000000,8416.000000000,26.455760000,1193436.000000000,1467.727000000,3496.456299000,26.232180000
2023-10-10,05:10:15.54,7.830000000,0.000000000,8035.000000000,26.560960000,1194853.000000000,1467.724000000,3496.476807000,26.336480000
2023-10-10,05:10:15.74,7.830000000,0.000000000,7868.000000000,26.672550000,1196356.000000000,1467.723000000,3496.479736000,26.447120000
2023-10-10,05:10:15.94,7.830000000,0.000000000,8500.000000000,26.798170000,1198048.000000000,1467.723000000,3496.464355000,26.571660000
2023-10-10,05:10:16.14,7.830000000,0.000000000,8368.000000000,26.903520000,1199467.000000000,1467.725000000,3496.466797000,26.676120000
2023-10-10,05:10:16.29,7.830000000,0.000000000,8180.000000000,27.022680000,1201072.000000000,1467.725000000,3496.462402000,26.794260000
2023-10-10,05:10:16.49,7.830000000,0.000000000,8419.000000000,27.178670000,1203173.000000000,1467.728000000,3496.453125000,26.948920000
2023-10-10,05:10:16.74,7.830000000,0.000000000,8145.000000000,27.322030000,1205104.000000000,1467.732000000,3496.442627000,27.091060000
2023-10-10,05:10:17.34,7.830000000,0.000000000,7879.000000000,27.437320000,1206657.000000000,1467.732000000,3496.448486000,27.205370000
2023-10-10,05:10:17.69,7.830000000,0.000000000,7860.000000000,27.542820000,1208078.000000000,1467.733000000,3496.444336000,27.309970000
2023-10-10,05:10:17.84,7.830000000,0.630000000,9771.000000000,27.651660000,1209544.000000000,1467.735000000,3496.443604000,27.417890000
2023-10-10,05:10:18.09,7.810000000,0.110000000,8830.000000000,27.798960000,1211528.000000000,1467.739000000,3496.430908000,27.563930000
2023-10-10,05:10:18.29,7.830000000,0.000000000,8070.000000000,27.909960000,1213023.000000000,1467.743000000,3496.419434000,27.673980000
2023-10-10,05:10:18.44,7.830000000,0.000000000,8017.000000000,28.013670000,1214420.000000000,1467.746000000,3496.411133000,27.776810000
2023-10-10,05:10:18.64,7.830000000,0.250000000,9085.000000000,28.121180000,1215868.000000000,1467.747000000,3496.419678000,27.883400000
2023-10-10,05:10:18.84,7.830000000,0.000000000,8532.000000000,28.260310000,1217742.000000000,1467.744000000,3496.418457000,28.021350000
2023-10-10,05:10:19.04,7.830000000,0.000000000,8097.000000000,28.369230000,1219209.000000000,1467.745000000,3496.399902000,28.129340000
2023-10-10,05:10:19.24,7.830000000,0.000000000,8169.000000000,28.492620000,1220871.000000000,1467.748000000,3496.411621000,28.251670000
2023-10-10,05:10:19.44,7.830000000,0.000000000,8196.000000000,28.609550000,1222446.000000000,1467.755000000,3496.393066000,28.367610000
2023-10-10,05:10:19.99,7.830000000,0.060000000,8741.000000000,28.726260000,1224018.000000000,1467.772000000,3496.360352000,28.483330000
2023-10-10,05:10:20.49,7.830000000,0.000000000,8595.000000000,28.829690000,1225411.000000000,1467.771000000,3496.351074000,28.585870000
2023-10-10,05:10:20.69,7.830000000,0.060000000,8728.000000000,28.933630000,1226811.000000000,1467.772000000,3496.354980000,28.688920000
2023-10-10,05:10:20.94,7.830000000,0.160000000,8922.000000000,29.045660000,1228320.000000000,1467.775000000,3496.359619000,28.800000000
2023-10-10,05:10:21.15,7.830000000,0.000000000,8547.000000000,29.160370000,1229865.000000000,1467.774000000,3496.350098000,28.913730000
2023-10-10,05:10:21.30,7.830000000,0.000000000,8445.000000000,29.266020000,1231288.000000000,1467.774000000,3496.345459000,29.018480000
2023-10-10,05:10:21.45,7.830000000,0.000000000,8156.000000000,29.380730000,1232833.000000000,1467.775000000,3496.348389000,29.132210000
2023-10-10,05:10:21.65,7.830000000,0.000000000,8308.000000000,29.519490000,1234702.000000000,1467.774000000,3496.354736000,29.269790000
2023-10-10,05:10:21.85,7.830000000,0.000000000,8152.000000000,29.619720000,1236052.000000000,1467.776000000,3496.333252000,29.369160000
2023-10-10,05:10:22.20,7.830000000,0.000000000,8057.000000000,29.726180000,1237486.000000000,1467.785000000,3496.330811000,29.474720000
2023-10-10,05:10:22.75,7.830000000,0.000000000,8500.000000000,29.846160000,1239102.000000000,1467.781000000,3496.326660000,29.593680000
2023-10-10,05:10:23.05,7.830000000,0.000000000,8500.000000000,29.974090000,1240825.000000000,1467.791000000,3496.307861000,29.720510000
2023-10-10,05:10:23.25,7.830000000,0.000000000,8252.000000000,30.106020000,1242602.000000000,1467.789000000,3496.307861000,29.851320000
2023-10-10,05:10:23.45,7.830000000,0.000000000,8101.000000000,30.218870000,1244122.000000000,1467.787000000,3496.311768000,29.963210000
2023-10-10,05:10:23.65,7.830000000,0.120000000,8839.000000000,30.368480000,1246137.000000000,1467.780000000,3496.343994000,30.111540000
2023-10-10,05:10:23.90,7.830000000,0.000000000,8106.000000000,30.502860000,1247947.000000000,1467.780000000,3496.324951000,30.244770000
2023-10-10,05:10:24.20,7.830000000,0.060000000,8730.000000000,30.607100000,1249351.000000000,1467.783000000,3496.316895000,30.348120000
2023-10-10,05:10:24.45,7.830000000,0.330000000,9219.000000000,30.758340000,1251388.000000000,1467.797000000,3496.281494000,30.498070000
2023-10-10,05:10:24.75,7.830000000,0.310000000,9195.000000000,30.858570000,1252738.000000000,1467.805000000,3496.280518000,30.597450000
2023-10-10,05:10:24.95,7.830000000,0.000000000,8422.000000000,30.968010000,1254212.000000000,1467.805000000,3496.280518000,30.705950000
2023-10-10,05:10:25.25,7.830000000,0.000000000,8034.000000000,31.090890000,1255867.000000000,1467.802000000,3496.286133000,30.827780000
2023-10-10,05:10:25.50,7.830000000,0.000000000,8404.000000000,31.199660000,1257332.000000000,1467.802000000,3496.287109000,30.935620000
2023-10-10,05:10:27.15,7.830000000,0.580000000,9677.000000000,31.320380000,1258958.000000000,1467.798000000,3496.288574000,31.055310000
2023-10-10,05:10:27.60,7.830000000,0.000000000,7904.000000000,31.428480000,1260414.000000000,1467.834000000,3496.195557000,31.162490000
2023-10-10,05:10:29.65,7.830000000,1.010000000,10452.000000000,31.311030000,1258832.000000000,1467.873000000,3496.116699000,31.046040000
2023-10-10,05:10:30.10,7.830000000,0.000000000,8612.000000000,31.210720000,1257481.000000000,1467.855000000,3496.152832000,30.946590000
2023-10-10,05:10:30.40,7.830000000,0.020000000,8669.000000000,31.109900000,1256123.000000000,1467.880000000,3496.089111000,30.846620000
2023-10-10,05:10:30.65,7.830000000,0.000000000,7907.000000000,30.992660000,1254544.000000000,1467.851000000,3496.176514000,30.730390000
2023-10-10,05:10:31.00,7.830000000,0.470000000,9474.000000000,30.814400000,1252143.000000000,1467.850000000,3496.158936000,30.553650000
2023-10-10,05:10:31.25,7.830000000,0.400000000,9351.000000000,30.707480000,1250703.000000000,1467.853000000,3496.145264000,30.447650000
2023-10-10,05:10:31.60,7.830000000,0.000000000,8472.000000000,30.580670000,1248995.000000000,1467.874000000,3496.142578000,30.321920000
2023-10-10,05:10:31.85,7.830000000,0.000000000,8210.000000000,30.471230000,1247521.000000000,1467.866000000,3496.143799000,30.213410000
2023-10-10,05:10:32.05,7.830000000,0.000000000,7922.000000000,30.351030000,1245902.000000000,1467.850000000,3496.195557000,30.094240000
2023-10-10,05:10:32.35,7.830000000,0.000000000,8126.000000000,30.227190000,1244234.000000000,1467.833000000,3496.215332000,29.971450000
2023-10-10,05:10:32.60,7.830000000,0.430000000,9398.000000000,30.088870000,1242371.000000000,1467.824000000,3496.230469000,29.834320000
2023-10-10,05:10:32.85,7.830000000,0.430000000,9397.000000000,29.958500000,1240615.000000000,1467.818000000,3496.252930000,29.705050000
2023-10-10,05:10:33.05,7.830000000,0.300000000,9177.000000000,29.856340000,1239239.000000000,1467.818000000,3496.230713000,29.603760000
2023-10-10,05:10:33.19,7.830000000,0.050000000,8721.000000000,29.748610000,1237788.000000000,1467.828000000,3496.258301000,29.496950000
2023-10-10,05:10:33.39,7.830000000,0.000000000,8043.000000000,29.634120000,1236246.000000000,1467.807000000,3496.304932000,29.383450000
2023-10-10,05:10:33.60,7.830000000,0.000000000,8433.000000000,29.518900000,1234694.000000000,1467.794000000,3496.310547000,29.269200000
2023-10-10,05:10:34.10,7.830000000,0.000000000,8553.000000000,29.411020000,1233241.000000000,1467.771000000,3496.364990000,29.162240000
2023-10-10,05:10:34.39,7.830000000,0.000000000,7913.000000000,29.233350000,1230848.000000000,1467.776000000,3496.328857000,28.986090000
2023-10-10,05:10:34.60,7.830000000,0.000000000,8392.000000000,29.119240000,1229311.000000000,1467.787000000,3496.323730000,28.872950000
2023-10-10,05:10:34.80,7.830000000,0.000000000,8049.000000000,28.991990000,1227597.000000000,1467.779000000,3496.336670000,28.746780000
2023-10-10,05:10:34.99,7.830000000,0.000000000,7895.000000000,28.853070000,1225726.000000000,1467.782000000,3496.335449000,28.609050000
2023-10-10,05:10:35.19,7.830000000,0.000000000,7789.000000000,28.719290000,1223924.000000000,1467.789000000,3496.316895000,28.476410000
2023-10-10,05:10:35.39,7.830000000,0.910000000,10280.000000000,28.558620000,1221760.000000000,1467.785000000,3496.310547000,28.317110000
2023-10-10,05:10:35.60,7.830000000,0.480000000,9500.000000000,28.405010000,1219691.000000000,1467.773000000,3496.376465000,28.164810000
2023-10-10,05:10:35.80,7.830000000,0.000000000,8273.000000000,28.272710000,1217909.000000000,1467.758000000,3496.403320000,28.033640000
2023-10-10,05:10:36.54,7.830000000,0.000000000,8408.000000000,28.168620000,1216507.000000000,1467.709000000,3496.497314000,27.930440000
2023-10-10,05:10:37.09,7.830000000,0.000000000,8248.000000000,28.062380000,1215076.000000000,1467.729000000,3496.435303000,27.825100000
2023-10-10,05:10:37.34,7.830000000,0.000000000,7978.000000000,27.938390000,1213406.000000000,1467.736000000,3496.439941000,27.702170000
2023-10-10,05:10:37.54,7.830000000,0.000000000,7776.000000000,27.810910000,1211689.000000000,1467.734000000,3496.437500000,27.575780000
2023-10-10,05:10:37.94,7.830000000,0.000000000,7777.000000000,27.677200000,1209888.000000000,1467.733000000,3496.449463000,27.443210000
2023-10-10,05:10:38.39,7.830000000,0.000000000,8467.000000000,27.570300000,1208448.000000000,1467.734000000,3496.452148000,27.337210000
2023-10-10,05:10:38.64,7.830000000,0.700000000,9898.000000000,27.453430000,1206874.000000000,1467.736000000,3496.437988000,27.221350000
2023-10-10,05:10:38.94,7.830000000,0.000000000,8203.000000000,27.321360000,1205095.000000000,1467.746000000,3496.415039000,27.090400000
2023-10-10,05:10:39.14,7.820000000,0.000000000,8574.000000000,27.181710000,1203214.000000000,1467.740000000,3496.435303000,26.951930000
2023-10-10,05:10:39.39,7.830000000,0.000000000,8435.000000000,27.030850000,1201182.000000000,1467.738000000,3496.443604000,26.802360000
2023-10-10,05:10:39.64,7.830000000,0.000000000,8099.000000000,26.916590000,1199643.000000000,1467.744000000,3496.426025000,26.689070000
2023-10-10,05:10:39.84,7.830000000,0.000000000,7935.000000000,26.780800000,1197814.000000000,1467.749000000,3496.422363000,26.554440000
2023-10-10,05:10:40.04,7.830000000,0.000000000,7948.000000000,26.661270000,1196204.000000000,1467.740000000,3496.441406000,26.435930000
2023-10-10,05:10:40.29,7.830000000,0.000000000,7941.000000000,26.561110000,1194855.000000000,1467.740000000,3496.441162000,26.336630000
2023-10-10,05:10:40.49,7.830000000,0.110000000,8826.000000000,26.428590000,1193070.000000000,1467.730000000,3496.469727000,26.205230000
2023-10-10,05:10:40.74,7.830000000,0.000000000,8497.000000000,26.324800000,1191672.000000000,1467.719000000,3496.464600000,26.102330000
2023-10-10,05:10:40.94,7.830000000,0.000000000,8384.000000000,26.215070000,1190194.000000000,1467.728000000,3496.486816000,25.993530000
2023-10-10,05:10:41.29,7.830000000,0.000000000,7960.000000000,26.092430000,1188542.000000000,1467.717000000,3496.489014000,25.871930000
2023-10-10,05:10:41.49,7.830000000,0.000000000,8132.000000000,25.991230000,1187179.000000000,1467.714000000,3496.503174000,25.771600000
2023-10-10,05:10:41.84,7.830000000,0.630000000,9759.000000000,25.873040000,1185587.000000000,1467.709000000,3496.511475000,25.654410000
2023-10-10,05:10:42.14,7.830000000,0.000000000,8622.000000000,25.762200000,1184094.000000000,1467.709000000,3496.506836000,25.544510000
2023-10-10,05:10:42.39,7.830000000,0.000000000,8160.000000000,25.657070000,1182678.000000000,1467.711000000,3496.484131000,25.440280000
2023-10-10,05:10:42.69,7.830000000,0.000000000,8139.000000000,25.552980000,1181276.000000000,1467.711000000,3496.489258000,25.337080000
2023-10-10,05:10:42.94,7.830000000,0.000000000,8590.000000000,25.439470000,1179747.000000000,1467.715000000,3496.472168000,25.224530000
2023-10-10,05:10:43.24,7.830000000,0.000000000,8032.000000000,25.331080000,1178287.000000000,1467.717000000,3496.485596000,25.117060000
2023-10-10,05:10:43.44,7.830000000,0.000000000,7849.000000000,25.230410000,1176931.000000000,1467.715000000,3496.496582000,25.017250000
2023-10-10,05:10:43.94,7.830000000,0.000000000,8037.000000000,25.125650000,1175520.000000000,1467.703000000,3496.498291000,24.913380000
2023-10-10,05:10:44.24,7.830000000,0.000000000,8118.000000000,25.025130000,1174166.000000000,1467.716000000,3496.482422000,24.813720000
2023-10-10,05:10:44.49,7.830000000,0.000000000,8350.000000000,24.892020000,1172373.000000000,1467.715000000,3496.493896000,24.681740000
2023-10-10,05:10:44.89,7.830000000,0.000000000,8070.000000000,24.776870000,1170822.000000000,1467.705000000,3496.524414000,24.567570000
2023-10-10,05:10:45.14,7.830000000,0.000000000,7752.000000000,24.645460000,1169052.000000000,1467.708000000,3496.490479000,24.437280000
2023-10-10,05:10:45.49,7.830000000,0.000000000,8204.000000000,24.524820000,1167427.000000000,1467.709000000,3496.499512000,24.317660000
2023-10-10,05:10:45.69,7.830000000,0.000000000,8085.000000000,24.409300000,1165871.000000000,1467.710000000,3496.484375000,24.203130000
2023-10-10,05:10:45.99,7.830000000,0.000000000,7699.000000000,24.250720000,1163735.000000000,1467.713000000,3496.503906000,24.045900000
2023-10-10,05:10:46.24,7.830000000,0.000000000,7804.000000000,24.127110000,1162070.000000000,1467.711000000,3496.510742000,23.923340000
2023-10-10,05:10:46.44,7.830000000,0.000000000,7957.000000000,24.004620000,1160420.000000000,1467.705000000,3496.528320000,23.801890000
2023-10-10,05:10:46.79,7.830000000,1.420000000,11192.000000000,23.894370000,1158935.000000000,1467.704000000,3496.503662000,23.692570000
2023-10-10,05:10:46.99,7.830000000,0.240000000,9066.000000000,23.793410000,1157575.000000000,1467.703000000,3496.520752000,23.592470000
2023-10-10,05:10:47.24,7.830000000,0.000000000,8365.000000000,23.684200000,1156104.000000000,1467.698000000,3496.541992000,23.484190000
2023-10-10,05:10:47.44,7.830000000,0.000000000,8204.000000000,23.583160000,1154743.000000000,1467.697000000,3496.540527000,23.384010000
2023-10-10,05:10:47.69,7.830000000,1.660000000,11623.000000000,23.458660000,1153066.000000000,1467.698000000,3496.543457000,23.260570000
2023-10-10,05:10:47.89,7.830000000,0.290000000,9146.000000000,23.349750000,1151599.000000000,1467.690000000,3496.544678000,23.152580000
2023-10-10,05:10:48.09,7.830000000,0.000000000,8491.000000000,23.219900000,1149850.000000000,1467.686000000,3496.559570000,23.023840000
2023-10-10,05:10:48.29,7.830000000,0.000000000,8121.000000000,23.104160000,1148291.000000000,1467.686000000,3496.572021000,22.909080000
2023-10-10,05:10:48.49,7.830000000,0.000000000,7903.000000000,22.995030000,1146821.000000000,1467.690000000,3496.524414000,22.800880000
2023-10-10,05:10:48.69,7.830000000,0.000000000,7765.000000000,22.861920000,1145028.000000000,1467.693000000,3496.545410000,22.668900000
2023-10-10,05:10:49.04,7.830000000,0.000000000,8358.000000000,22.743730000,1143436.000000000,1467.673000000,3496.609131000,22.551710000
2023-10-10,05:10:49.44,7.830000000,0.000000000,7983.000000000,22.625980000,1141850.000000000,1467.676000000,3496.590332000,22.434970000
2023-10-10,05:10:50.29,7.830000000,0.000000000,8312.000000000,22.727100000,1143212.000000000,1467.670000000,3496.588623000,22.535220000
2023-10-10,05:10:50.69,7.830000000,0.000000000,8213.000000000,22.847370000,1144832.000000000,1467.669000000,3496.604980000,22.654470000
2023-10-10,05:10:51.69,7.830000000,0.000000000,8304.000000000,22.951900000,1146240.000000000,1467.674000000,3496.583984000,22.758110000
2023-10-10,05:10:52.34,7.830000000,0.040000000,8695.000000000,23.064960000,1147763.000000000,1467.673000000,3496.584717000,22.870220000
2023-10-10,05:10:52.64,7.830000000,0.000000000,8386.000000000,23.173280000,1149222.000000000,1467.676000000,3496.592285000,22.977610000
2023-10-10,05:10:52.99,7.830000000,0.000000000,8264.000000000,23.295400000,1150867.000000000,1467.679000000,3496.566650000,23.098700000
2023-10-10,05:10:53.44,7.830000000,0.000000000,8327.000000000,23.410180000,1152413.000000000,1467.678000000,3496.564209000,23.212500000
2023-10-10,05:10:53.84,7.830000000,0.000000000,8124.000000000,23.519900000,1153891.000000000,1467.684000000,3496.558594000,23.321290000
2023-10-10,05:10:54.74,7.830000000,0.000000000,8293.000000000,23.415820000,1152489.000000000,1467.694000000,3496.534424000,23.218090000
2023-10-10,05:10:54.99,7.830000000,0.000000000,8238.000000000,23.284640000,1150722.000000000,1467.700000000,3496.536865000,23.088030000
2023-10-10,05:10:55.29,7.830000000,0.000000000,8365.000000000,23.151230000,1148925.000000000,1467.705000000,3496.499023000,22.955750000
2023-10-10,05:10:55.59,7.830000000,0.000000000,8185.000000000,22.974320000,1146542.000000000,1467.705000000,3496.524170000,22.780340000
2023-10-10,05:10:55.79,7.830000000,0.000000000,8219.000000000,22.844250000,1144790.000000000,1467.709000000,3496.500977000,22.651380000
2023-10-10,05:10:55.89,7.830000000,0.000000000,8159.000000000,22.723980000,1143170.000000000,1467.708000000,3496.510498000,22.532140000
2023-10-10,05:10:56.04,7.830000000,0.000000000,7963.000000000,22.590570000,1141373.000000000,1467.704000000,3496.526367000,22.399860000
2023-10-10,05:10:56.09,7.830000000,0.000000000,7925.000000000,22.486340000,1139969.000000000,1467.707000000,3496.500000000,22.296510000
2023-10-10,05:10:56.29,7.830000000,0.000000000,8093.000000000,22.309130000,1137582.000000000,1467.705000000,3496.519531000,22.120810000
2023-10-10,05:10:56.44,7.830000000,0.000000000,8139.000000000,22.198070000,1136086.000000000,1467.695000000,3496.554688000,22.010690000
2023-10-10,05:10:56.54,7.830000000,0.000000000,8268.000000000,22.077660000,1134464.000000000,1467.689000000,3496.562012000,21.891300000
2023-10-10,05:10:56.69,7.830000000,0.700000000,9898.000000000,21.914630000,1132268.000000000,1467.687000000,3496.550781000,21.729660000
2023-10-10,05:10:56.89,7.830000000,0.090000000,8790.000000000,21.783370000,1130500.000000000,1467.687000000,3496.555908000,21.599520000
2023-10-10,05:10:57.09,7.830000000,0.000000000,8633.000000000,21.649150000,1128692.000000000,1467.686000000,3496.584473000,21.466430000
2023-10-10,05:10:57.24,7.830000000,0.000000000,8451.000000000,21.481070000,1126428.000000000,1467.685000000,3496.559082000,21.299780000
2023-10-10,05:10:57.44,7.830000000,0.000000000,8087.000000000,21.336900000,1124486.000000000,1467.673000000,3496.598145000,21.156840000
2023-10-10,05:10:57.64,7.830000000,0.000000000,8385.000000000,21.197410000,1122607.000000000,1467.673000000,3496.597900000,21.018530000
2023-10-10,05:10:57.79,7.830000000,0.030000000,8675.000000000,21.088950000,1121146.000000000,1467.672000000,3496.589355000,20.910990000
2023-10-10,05:10:57.94,7.830000000,0.000000000,8288.000000000,20.976180000,1119627.000000000,1467.675000000,3496.580811000,20.799180000
2023-10-10,05:10:58.14,7.830000000,0.000000000,8442.000000000,20.845450000,1117866.000000000,1467.673000000,3496.579102000,20.669550000
2023-10-10,05:10:58.29,7.830000000,0.000000000,8221.000000000,20.714940000,1116108.000000000,1467.672000000,3496.602783000,20.540150000
2023-10-10,05:10:58.49,7.830000000,0.000000000,8420.000000000,20.578560000,1114271.000000000,1467.671000000,3496.592773000,20.404930000
2023-10-10,05:10:58.74,7.830000000,0.000000000,7887.000000000,20.410410000,1112006.000000000,1467.669000000,3496.598145000,20.238210000
2023-10-10,05:10:58.99,7.830000000,0.000000000,7897.000000000,20.285550000,1110324.000000000,1467.676000000,3496.569092000,20.114400000
2023-10-10,05:10:59.14,7.830000000,0.000000000,7914.000000000,20.183320000,1108947.000000000,1467.673000000,3496.574219000,20.013050000
2023-10-10,05:10:59.34,7.830000000,0.480000000,9499.000000000,20.075160000,1107490.000000000,1467.669000000,3496.607666000,19.905800000
2023-10-10,05:10:59.64,7.830000000,0.000000000,8541.000000000,19.903590000,1105179.000000000,1467.663000000,3496.611084000,19.735690000
2023-10-10,05:10:59.99,7.830000000,0.190000000,8971.000000000,19.786600000,1103603.000000000,1467.656000000,3496.625488000,19.619690000
2023-10-10,05:11:00.29,7.830000000,0.000000000,8313.000000000,19.681850000,1102192.000000000,1467.660000000,3496.613770000,19.515830000
2023-10-10,05:11:00.54,7.830000000,0.000000000,8256.000000000,19.579920000,1100819.000000000,1467.665000000,3496.610107000,19.414760000
2023-10-10,05:11:01.04,7.830000000,0.000000000,8072.000000000,19.464700000,1099267.000000000,1467.670000000,3496.598877000,19.300530000
2023-10-10,05:11:01.49,7.830000000,0.000000000,7971.000000000,19.354160000,1097778.000000000,1467.672000000,3496.592773000,19.190920000
2023-10-10,05:11:01.84,7.830000000,0.470000000,9473.000000000,19.237690000,1096209.000000000,1467.674000000,3496.602539000,19.075440000
2023-10-10,05:11:02.09,7.830000000,0.000000000,8062.000000000,19.114970000,1094556.000000000,1467.669000000,3496.584473000,18.953760000
2023-10-10,05:11:02.34,7.830000000,0.000000000,7788.000000000,18.984910000,1092804.000000000,1467.670000000,3496.641846000,18.824800000
2023-10-10,05:11:02.69,7.830000000,0.000000000,7990.000000000,18.882090000,1091419.000000000,1467.644000000,3496.615723000,18.722860000
2023-10-10,05:11:03.04,7.830000000,0.000000000,7903.000000000,18.755450000,1089713.000000000,1467.651000000,3496.665771000,18.597280000
2023-10-10,05:11:03.34,7.830000000,0.000000000,7861.000000000,18.647360000,1088257.000000000,1467.640000000,3496.673340000,18.490110000
2023-10-10,05:11:03.64,7.830000000,0.000000000,8051.000000000,18.497620000,1086240.000000000,1467.638000000,3496.672119000,18.341650000
2023-10-10,05:11:03.94,7.830000000,0.000000000,8191.000000000,18.385750000,1084733.000000000,1467.635000000,3496.676025000,18.230720000
2023-10-10,05:11:04.09,7.830000000,0.000000000,8377.000000000,18.280040000,1083309.000000000,1467.630000000,3496.689941000,18.125900000
2023-10-10,05:11:04.29,7.830000000,0.000000000,8213.000000000,18.176100000,1081909.000000000,1467.637000000,3496.675537000,18.022850000
2023-10-10,05:11:04.44,7.830000000,0.000000000,7999.000000000,18.070690000,1080489.000000000,1467.660000000,3496.553711000,17.918330000
2023-10-10,05:11:04.64,7.830000000,0.000000000,7953.000000000,17.955030000,1078931.000000000,1467.690000000,3496.520508000,17.803650000
2023-10-10,05:11:04.99,7.830000000,0.000000000,8128.000000000,17.853480000,1077563.000000000,1467.729000000,3496.449951000,17.702960000
2023-10-10,05:11:05.94,7.830000000,0.000000000,7987.000000000,17.740930000,1076047.000000000,1467.700000000,3496.500732000,17.591370000
2023-10-10,05:11:06.44,7.830000000,0.000000000,8156.000000000,17.615920000,1074363.000000000,1467.733000000,3496.467285000,17.467410000
2023-10-10,05:11:06.89,7.830000000,0.000000000,8432.000000000,17.515780000,1073014.000000000,1467.692000000,3496.538086000,17.368120000
2023-10-10,05:11:07.24,7.800000000,0.000000000,8416.000000000,17.395810000,1071398.000000000,1467.759000000,3496.369873000,17.249170000
2023-10-10,05:11:07.59,7.830000000,0.000000000,8443.000000000,17.234580000,1069226.000000000,1467.770000000,3496.354004000,17.089300000
2023-10-10,05:11:07.79,7.830000000,0.000000000,8300.000000000,17.118550000,1067663.000000000,1467.776000000,3496.354492000,16.974250000
2023-10-10,05:11:08.04,7.830000000,0.300000000,9178.000000000,17.005560000,1066141.000000000,1467.771000000,3496.373047000,16.862220000
2023-10-10,05:11:08.24,7.830000000,0.260000000,9103.000000000,16.885970000,1064530.000000000,1467.728000000,3496.489258000,16.743640000
2023-10-10,05:11:08.54,7.830000000,0.000000000,8217.000000000,16.774910000,1063034.000000000,1467.711000000,3496.499023000,16.633530000
2023-10-10,05:11:08.84,7.830000000,0.000000000,8449.000000000,16.661400000,1061505.000000000,1467.706000000,3496.520264000,16.520980000
2023-10-10,05:11:09.29,7.830000000,0.000000000,8003.000000000,16.552950000,1060044.000000000,1467.718000000,3496.464355000,16.413450000
2023-10-10,05:11:09.49,7.830000000,0.000000000,8245.000000000,16.438630000,1058504.000000000,1467.732000000,3496.421875000,16.300090000
2023-10-10,05:11:09.69,7.830000000,0.000000000,8248.000000000,16.311160000,1056787.000000000,1467.760000000,3496.314209000,16.173710000
2023-10-10,05:11:09.84,7.830000000,0.000000000,8099.000000000,16.181180000,1055036.000000000,1467.805000000,3496.255371000,16.044830000
2023-10-10,05:11:09.99,7.830000000,0.000000000,7988.000000000,16.077180000,1053635.000000000,1467.844000000,3496.111328000,15.941700000
2023-10-10,05:11:10.24,7.830000000,0.000000000,8005.000000000,15.954760000,1051986.000000000,1467.917000000,3495.997803000,15.820330000
2023-10-10,05:11:10.94,7.830000000,0.000000000,8014.000000000,15.836360000,1050391.000000000,1467.882000000,3496.082275000,15.702920000
2023-10-10,05:11:11.70,7.830000000,0.000000000,8042.000000000,15.948450000,1051901.000000000,1467.798000000,3496.298096000,15.814070000
2023-10-10,05:11:12.40,7.830000000,0.000000000,7956.000000000,15.838140000,1050415.000000000,1467.881000000,3496.068115000,15.704690000
2023-10-10,05:11:12.80,7.830000000,0.000000000,7894.000000000,15.706000000,1048635.000000000,1467.899000000,3496.030518000,15.573670000
2023-10-10,05:11:13.40,7.830000000,0.000000000,8041.000000000,15.592350000,1047104.000000000,1467.881000000,3496.135254000,15.460980000
2023-10-10,05:11:13.80,7.830000000,0.000000000,8072.000000000,15.446040000,1045133.000000000,1467.899000000,3496.033203000,15.315900000
2023-10-10,05:11:14.35,7.830000000,0.000000000,8286.000000000,15.343220000,1043748.000000000,1467.985000000,3495.771973000,15.213960000
2023-10-10,05:11:14.65,7.830000000,0.000000000,8438.000000000,15.217770000,1042058.000000000,1468.076000000,3495.499512000,15.089570000
2023-10-10,05:11:15.05,7.830000000,0.000000000,8229.000000000,15.114580000,1040668.000000000,1468.354000000,3494.921875000,14.987250000
2023-10-10,05:11:16.49,7.830000000,0.000000000,7963.000000000,15.006940000,1039218.000000000,1468.516000000,3494.417480000,14.880520000
2023-10-10,05:11:16.74,7.830000000,0.000000000,7994.000000000,14.878150000,1037483.000000000,1468.921000000,3493.353027000,14.752820000
2023-10-10,05:11:16.99,7.830000000,0.000000000,8306.000000000,14.774590000,1036088.000000000,1469.215000000,3492.763184000,14.650140000
2023-10-10,05:11:17.24,7.830000000,0.000000000,8339.000000000,14.632210000,1034170.000000000,1469.415000000,3492.451172000,14.508960000
2023-10-10,05:11:17.55,7.830000000,0.000000000,8452.000000000,14.516930000,1032617.000000000,1469.631000000,3491.838135000,14.394650000
2023-10-10,05:11:17.74,7.830000000,0.000000000,8371.000000000,14.401200000,1031058.000000000,1469.712000000,3491.673340000,14.279900000
2023-10-10,05:11:17.94,7.830000000,0.000000000,8432.000000000,14.279530000,1029419.000000000,1469.753000000,3491.596191000,14.159260000
2023-10-10,05:11:18.19,7.830000000,0.000000000,8236.000000000,14.163500000,1027856.000000000,1469.801000000,3491.506592000,14.044220000
2023-10-10,05:11:18.44,7.830000000,0.000000000,8536.000000000,14.057200000,1026424.000000000,1469.850000000,3491.355957000,13.938810000
2023-10-10,05:11:18.64,7.830000000,0.000000000,8534.000000000,13.947040000,1024940.000000000,1469.890000000,3491.303467000,13.829580000
2023-10-10,05:11:18.85,7.830000000,0.000000000,8565.000000000,13.813050000,1023135.000000000,1469.925000000,3491.195557000,13.696730000
2023-10-10,05:11:19.05,7.830000000,0.080000000,8773.000000000,13.696720000,1021568.000000000,1469.949000000,3491.136230000,13.581390000
2023-10-10,05:11:19.39,7.830000000,0.000000000,8439.000000000,13.573720000,1019911.000000000,1470.035000000,3490.945801000,13.459420000
2023-10-10,05:11:19.69,7.830000000,0.000000000,8391.000000000,13.460510000,1018386.000000000,1470.076000000,3490.901855000,13.347170000
2023-10-10,05:11:52.94,7.830000000,0.000000000,8353.000000000,13.365640000,1017108.000000000,1470.407000000,3490.114014000,13.253110000
2023-10-10,05:11:53.34,7.820000000,0.000000000,8365.000000000,13.233210000,1015324.000000000,1470.387000000,3490.202393000,13.121790000
2023-10-10,05:11:55.64,7.830000000,0.000000000,8108.000000000,13.129580000,1013928.000000000,1470.364000000,3490.169189000,13.019040000
2023-10-10,05:11:56.49,7.830000000,0.230000000,9047.000000000,12.993070000,1012089.000000000,1470.455000000,3489.976562000,12.883680000
2023-10-10,05:11:57.64,7.830000000,0.000000000,8358.000000000,12.860790000,1010307.000000000,1470.384000000,3490.140381000,12.752520000
2023-10-10,05:11:58.59,7.830000000,0.000000000,8332.000000000,12.757980000,1008922.000000000,1470.438000000,3490.011963000,12.650570000
2023-10-10,05:11:59.59,7.830000000,0.000000000,8183.000000000,12.637130000,1007294.000000000,1470.445000000,3489.992676000,12.530740000
2023-10-10,05:12:00.29,7.830000000,0.120000000,8844.000000000,12.530160000,1005853.000000000,1470.466000000,3489.956543000,12.424680000
2023-10-10,05:12:01.05,7.830000000,0.000000000,8214.000000000,12.430090000,1004505.000000000,1470.498000000,3489.881104000,12.325460000
2023-10-10,05:12:01.49,7.830000000,0.000000000,8303.000000000,12.328320000,1003134.000000000,1470.485000000,3489.903809000,12.224550000
2023-10-10,05:12:02.80,7.820000000,0.000000000,8242.000000000,12.196630000,1001360.000000000,1470.541000000,3489.761719000,12.093970000
2023-10-10,05:12:04.30,7.830000000,0.000000000,8365.000000000,12.095530000,999998.000000000,1470.519000000,3489.817871000,11.993720000
2023-10-10,05:12:05.49,7.830000000,0.000000000,8358.000000000,11.964210000,998229.000000000,1470.485000000,3489.940674000,11.863520000
2023-10-10,05:12:06.64,7.830000000,0.000000000,8410.000000000,11.852420000,996723.000000000,1470.564000000,3489.688721000,11.752670000
2023-10-10,05:12:07.69,7.830000000,0.000000000,8418.000000000,11.744040000,995263.000000000,1470.667000000,3489.453125000,11.645200000
2023-10-10,05:12:09.34,7.830000000,0.000000000,8318.000000000,11.631730000,993750.000000000,1470.651000000,3489.483398000,11.533840000
2023-10-10,05:12:10.39,7.830000000,0.000000000,8528.000000000,11.506650000,992065.000000000,1470.666000000,3489.470947000,11.409810000
2023-10-10,05:12:12.29,7.830000000,0.000000000,8397.000000000,11.399680000,990624.000000000,1470.637000000,3489.539551000,11.303750000
2023-10-10,05:12:13.84,7.830000000,0.000000000,8428.000000000,11.282990000,989052.000000000,1470.626000000,3489.550293000,11.188040000
2023-10-10,05:12:15.44,7.800000000,0.000000000,8584.000000000,11.169270000,987520.000000000,1470.616000000,3489.588379000,11.075280000
2023-10-10,05:12:17.29,7.830000000,0.000000000,8378.000000000,11.038550000,985759.000000000,1470.653000000,3489.525146000,10.945660000
2023-10-10,05:12:20.09,7.820000000,0.000000000,8368.000000000,10.934470000,984357.000000000,1470.667000000,3489.447266000,10.842470000
2023-10-10,05:12:21.99,7.830000000,0.000000000,8421.000000000,10.814590000,982742.000000000,1470.641000000,3489.519043000,10.723600000
2023-10-10,05:12:23.64,7.830000000,0.000000000,8427.000000000,10.697160000,981160.000000000,1470.719000000,3489.351807000,10.607160000
2023-10-10,05:12:24.69,7.830000000,0.000000000,8314.000000000,10.587370000,979681.000000000,1470.784000000,3489.142578000,10.498300000
2023-10-10,05:12:25.89,7.830000000,0.000000000,8437.000000000,10.480330000,978239.000000000,1470.941000000,3488.868408000,10.392160000
2023-10-10,05:12:26.74,7.830000000,0.000000000,8599.000000000,10.583580000,979630.000000000,1470.970000000,3488.725098000,10.494540000
2023-10-10,05:12:28.09,7.830000000,0.010000000,8648.000000000,10.478620000,978216.000000000,1471.006000000,3488.667969000,10.390470000
2023-10-10,05:12:28.79,7.830000000,0.000000000,8619.000000000,10.357180000,976580.000000000,1471.044000000,3488.540283000,10.270050000
2023-10-10,05:12:29.39,7.830000000,0.000000000,8464.000000000,10.249690000,975132.000000000,1471.124000000,3488.266602000,10.163470000
2023-10-10,05:12:29.94,7.830000000,0.000000000,8593.000000000,10.133750000,973570.000000000,1471.262000000,3488.033691000,10.048500000
2023-10-10,05:12:32.09,7.820000000,0.000000000,8467.000000000,10.029380000,972164.000000000,1471.310000000,3487.875000000,9.945010000
2023-10-10,05:12:33.94,7.830000000,0.000000000,8520.000000000,9.907120000,970517.000000000,1471.697000000,3486.877197000,9.823790000
2023-10-10,05:12:34.34,7.830000000,0.070000000,8757.000000000,9.779820000,968802.000000000,1471.802000000,3486.731445000,9.697550000
2023-10-10,05:12:34.94,7.830000000,0.110000000,8832.000000000,9.652510000,967087.000000000,1471.759000000,3486.862793000,9.571320000
2023-10-10,05:12:35.64,7.820000000,0.310000000,9187.000000000,9.538420000,965550.000000000,1471.775000000,3486.827393000,9.458190000
2023-10-10,05:12:36.14,7.830000000,0.250000000,9076.000000000,9.427070000,964050.000000000,1471.777000000,3486.821045000,9.347790000
2023-10-10,05:12:36.84,7.820000000,0.220000000,9016.000000000,9.324490000,962668.000000000,1471.875000000,3486.584229000,9.246070000
2023-10-10,05:12:37.84,7.830000000,0.330000000,9229.000000000,9.218490000,961240.000000000,1471.514000000,3487.518066000,9.140960000
2023-10-10,05:12:38.44,7.830000000,0.280000000,9139.000000000,9.107880000,959750.000000000,1471.410000000,3487.696289000,9.031290000
2023-10-10,05:12:38.99,7.820000000,0.260000000,9094.000000000,8.980650000,958036.000000000,1471.427000000,3487.621338000,8.905130000
2023-10-10,05:12:39.74,7.830000000,0.320000000,9214.000000000,8.871020000,956559.000000000,1471.553000000,3487.212646000,8.796420000
2023-10-10,05:12:40.74,7.830000000,0.460000000,9464.000000000,8.753660000,954978.000000000,1471.587000000,3487.319580000,8.680050000
2023-10-10,05:12:41.24,7.830000000,0.510000000,9550.000000000,8.635560000,953387.000000000,1471.509000000,3487.484863000,8.562950000
2023-10-10,05:12:41.84,7.830000000,0.450000000,9447.000000000,8.521020000,951844.000000000,1471.448000000,3487.633057000,8.449380000
2023-10-10,05:12:42.74,7.830000000,0.550000000,9624.000000000,8.403150000,950256.000000000,1471.403000000,3487.726562000,8.332490000
2023-10-10,05:12:43.49,7.820000000,0.470000000,9480.000000000,8.251870000,948218.000000000,1471.443000000,3487.603027000,8.182490000
2023-10-10,05:12:43.89,7.830000000,0.560000000,9643.000000000,8.135400000,946649.000000000,1471.456000000,3487.604004000,8.067010000
2023-10-10,05:12:44.39,7.820000000,0.470000000,9481.000000000,7.999120000,944813.000000000,1471.439000000,3487.638184000,7.931870000
2023-10-10,05:12:45.09,7.830000000,0.620000000,9752.000000000,7.878570000,943189.000000000,1471.404000000,3487.718506000,7.812340000
2023-10-10,05:12:45.44,7.830000000,0.490000000,9521.000000000,7.770940000,941739.000000000,1471.406000000,3487.727783000,7.705610000
2023-10-10,05:12:46.23,7.830000000,0.390000000,9333.000000000,7.645410000,940048.000000000,1471.399000000,3487.789307000,7.581150000
2023-10-10,05:12:46.54,7.830000000,0.470000000,9479.000000000,7.536220000,938577.000000000,1471.337000000,3487.876709000,7.472870000
2023-10-10,05:12:46.93,7.830000000,0.490000000,9516.000000000,7.435050000,937214.000000000,1471.331000000,3487.907227000,7.372550000
2023-10-10,05:12:47.29,7.830000000,0.400000000,9348.000000000,7.303150000,935437.000000000,1471.187000000,3488.289307000,7.241760000
2023-10-10,05:12:47.79,7.830000000,0.530000000,9581.000000000,7.190910000,933925.000000000,1471.153000000,3488.396484000,7.130470000
2023-10-10,05:12:48.34,7.830000000,0.700000000,9884.000000000,7.058270000,932138.000000000,1470.932000000,3488.819824000,6.998940000
2023-10-10,05:12:48.84,7.830000000,0.670000000,9845.000000000,6.957980000,930787.000000000,1470.990000000,3488.679443000,6.899500000
2023-10-10,05:12:49.29,7.830000000,0.800000000,10075.000000000,6.856590000,929421.000000000,1471.097000000,3488.445801000,6.798960000
2023-10-10,05:12:50.09,7.830000000,1.350000000,11059.000000000,6.705310000,927383.000000000,1471.194000000,3488.212402000,6.648960000
2023-10-10,05:12:50.59,7.830000000,0.910000000,10275.000000000,6.591520000,925850.000000000,1471.225000000,3488.124023000,6.536120000
2023-10-10,05:12:51.24,7.820000000,0.890000000,10238.000000000,6.483140000,924390.000000000,1471.244000000,3488.103027000,6.428660000
2023-10-10,05:12:51.99,7.820000000,0.880000000,10220.000000000,6.377370000,922965.000000000,1471.260000000,3488.052734000,6.323780000
2023-10-10,05:12:52.64,7.820000000,0.900000000,10261.000000000,6.272780000,921556.000000000,1471.272000000,3488.018311000,6.220070000
2023-10-10,05:12:53.29,7.830000000,0.870000000,10203.000000000,6.134860000,919698.000000000,1471.284000000,3488.001221000,6.083320000
2023-10-10,05:12:54.34,7.830000000,0.900000000,10256.000000000,6.033840000,918337.000000000,1471.293000000,3487.988525000,5.983140000
2023-10-10,05:12:57.34,7.830000000,0.950000000,10351.000000000,5.923610000,916852.000000000,1471.290000000,3487.975098000,5.873840000
2023-10-10,05:12:58.14,7.820000000,0.940000000,10326.000000000,5.802920000,915226.000000000,1471.302000000,3487.936279000,5.754160000
2023-10-10,05:12:58.94,7.830000000,0.940000000,10324.000000000,5.687270000,913668.000000000,1471.319000000,3487.911621000,5.639490000
2023-10-10,05:12:59.54,7.820000000,1.050000000,10527.000000000,5.555000000,911886.000000000,1471.336000000,3487.846924000,5.508330000
2023-10-10,05:13:00.49,7.820000000,1.060000000,10548.000000000,5.425470000,910141.000000000,1471.396000000,3487.719482000,5.379890000
2023-10-10,05:13:01.54,7.830000000,3.190000000,14394.000000000,5.304700000,908514.000000000,1471.413000000,3487.690430000,5.260140000
2023-10-10,05:13:02.69,7.830000000,1.130000000,10665.000000000,5.201530000,907124.000000000,1471.455000000,3487.595947000,5.157830000
2023-10-10,05:13:03.74,7.830000000,1.070000000,10568.000000000,5.093230000,905665.000000000,1471.472000000,3487.545166000,5.050440000
2023-10-10,05:13:05.24,7.830000000,1.100000000,10618.000000000,4.976770000,904096.000000000,1471.490000000,3487.497559000,4.934960000
2023-10-10,05:13:06.44,7.820000000,1.160000000,10720.000000000,4.851470000,902408.000000000,1471.527000000,3487.417480000,4.810720000
2023-10-10,05:13:07.29,7.820000000,1.220000000,10840.000000000,4.750300000,901045.000000000,1471.527000000,3487.411133000,4.710400000
2023-10-10,05:13:08.39,7.820000000,1.120000000,10658.000000000,4.636360000,899510.000000000,1471.548000000,3487.363525000,4.597420000
2023-10-10,05:13:10.24,7.830000000,1.220000000,10832.000000000,4.533330000,898122.000000000,1471.629000000,3487.183105000,4.495260000
2023-10-10,05:13:11.14,7.820000000,1.290000000,10953.000000000,4.422210000,896625.000000000,1471.831000000,3486.792969000,4.385070000
2023-10-10,05:13:12.24,7.830000000,1.370000000,11103.000000000,4.318300000,895225.000000000,1471.767000000,3486.838867000,4.282030000
2023-10-10,05:13:13.14,7.830000000,1.360000000,11092.000000000,4.217200000,893863.000000000,1471.741000000,3486.902344000,4.181780000
2023-10-10,05:13:13.84,7.830000000,1.430000000,11205.000000000,4.103340000,892329.000000000,1471.961000000,3486.376953000,4.068880000
2023-10-10,05:13:15.14,7.820000000,1.290000000,10954.000000000,3.995930000,890882.000000000,1471.964000000,3486.343994000,3.962370000
2023-10-10,05:13:17.54,7.830000000,1.600000000,11519.000000000,3.880430000,889326.000000000,1472.042000000,3486.196533000,3.847850000
2023-10-10,05:13:18.34,7.820000000,1.590000000,11500.000000000,3.757510000,887670.000000000,1472.073000000,3486.156738000,3.725960000
2023-10-10,05:13:19.69,7.820000000,1.630000000,11572.000000000,3.646770000,886178.000000000,1472.119000000,3486.078125000,3.616150000
2023-10-10,05:13:20.94,7.830000000,1.590000000,11507.000000000,3.527630000,884573.000000000,1472.260000000,3485.462891000,3.498010000
2023-10-10,05:13:21.79,7.830000000,1.560000000,11443.000000000,3.387120000,882680.000000000,1472.209000000,3485.791748000,3.358690000
2023-10-10,05:13:23.29,7.820000000,1.620000000,11559.000000000,3.282540000,881271.000000000,1472.097000000,3486.090332000,3.254980000
2023-10-10,05:13:24.24,7.830000000,1.590000000,11493.000000000,3.181150000,879905.000000000,1472.174000000,3485.910156000,3.154440000
2023-10-10,05:13:25.49,7.830000000,1.640000000,11591.000000000,3.071140000,878423.000000000,1472.325000000,3485.519531000,3.045360000
2023-10-10,05:13:26.54,7.830000000,1.780000000,11844.000000000,2.968190000,877036.000000000,1472.398000000,3485.372559000,2.943270000
2023-10-10,05:13:27.64,7.830000000,1.670000000,11642.000000000,2.867540000,875680.000000000,1472.514000000,3484.992920000,2.843470000
2023-10-10,05:13:29.74,7.830000000,1.860000000,11982.000000000,2.747000000,874056.000000000,1472.886000000,3484.170410000,2.723940000
2023-10-10,05:13:31.09,7.830000000,1.970000000,12189.000000000,2.645090000,872683.000000000,1472.780000000,3484.539062000,2.622880000
2023-10-10,05:13:32.98,7.820000000,1.960000000,12174.000000000,2.542580000,871302.000000000,1472.892000000,3484.170410000,2.521240000
2023-10-10,05:13:37.38,7.830000000,2.020000000,12273.000000000,2.432950000,869825.000000000,1473.056000000,3483.913574000,2.412530000
2023-10-10,05:15:42.59,7.820000000,1.730000000,11750.000000000,2.348110000,868682.000000000,1472.541000000,3484.802979000,2.328400000
2023-10-10,05:15:43.14,7.820000000,1.920000000,12102.000000000,2.202920000,866726.000000000,1472.748000000,3484.499512000,2.184430000
2023-10-10,05:15:43.79,7.820000000,1.840000000,11955.000000000,2.100490000,865346.000000000,1472.494000000,3485.076416000,2.082860000
2023-10-10,05:15:44.04,7.820000000,1.870000000,11999.000000000,1.997240000,863955.000000000,1472.581000000,3484.814941000,1.980480000
2023-10-10,05:15:44.24,7.820000000,1.830000000,11925.000000000,1.889250000,862500.000000000,1472.692000000,3484.551758000,1.873390000
2023-10-10,05:15:44.54,7.820000000,1.800000000,11880.000000000,1.789190000,861152.000000000,1472.744000000,3484.528809000,1.774170000
2023-10-10,05:15:45.14,7.820000000,1.880000000,12018.000000000,1.675330000,859618.000000000,1472.821000000,3484.304688000,1.661270000
2023-10-10,05:15:45.79,7.820000000,1.960000000,12163.000000000,1.554790000,857994.000000000,1472.892000000,3484.155273000,1.541740000
2023-10-10,05:15:46.23,7.820000000,1.920000000,12095.000000000,1.453020000,856623.000000000,1472.905000000,3484.146484000,1.440830000
2023-10-10,05:15:46.54,7.820000000,1.900000000,12066.000000000,1.341690000,855123.000000000,1472.911000000,3484.123535000,1.330430000
2023-10-10,05:15:46.84,7.820000000,2.040000000,12307.000000000,1.200660000,853223.000000000,1472.879000000,3484.241455000,1.190580000
2023-10-10,05:15:47.09,7.800000000,2.060000000,12352.000000000,1.099410000,851859.000000000,1472.839000000,3484.349121000,1.090190000
2023-10-10,05:15:48.23,7.820000000,2.000000000,12241.000000000,0.990080000,850386.000000000,1472.660000000,3484.811279000,0.981780000
2023-10-10,05:15:49.23,7.820000000,1.820000000,11924.000000000,0.862120000,848662.000000000,1472.558000000,3484.983398000,0.854880000
2023-10-10,05:15:49.48,7.820000000,2.070000000,12359.000000000,0.748480000,847131.000000000,1472.503000000,3485.128174000,0.742200000
2023-10-10,05:15:50.34,7.820000000,1.950000000,12144.000000000,0.640340000,845674.000000000,1472.470000000,3485.140625000,0.634960000
2023-10-10,05:15:50.59,7.820000000,1.820000000,11918.000000000,0.511780000,843942.000000000,1472.510000000,3485.080566000,0.507480000
2023-10-10,05:15:50.73,7.820000000,1.940000000,12124.000000000,0.370080000,842033.000000000,1472.597000000,3484.803955000,0.366980000
2023-10-10,05:15:50.88,7.820000000,2.010000000,12259.000000000,0.232100000,840174.000000000,1472.691000000,3484.489258000,0.230150000
2023-10-10,05:15:51.08,7.800000000,2.030000000,12293.000000000,0.098420000,838373.000000000,1472.984000000,3483.318604000,0.097600000
